Load Target ID,D.1.4 SW BOM ID,Purpose,D.3.7 Installation and Configuration Location
DAQM,S1,Debian 12.5 Operating System,Chapter 1 (OS)
DAQM,S3,EPICS Base,Chapter 2 (EPICS base and modules)
DAQM,S4,Autosave,Chapter 2 (EPICS base and modules)
DAQM,S5,Asyn,Chapter 2 (EPICS base and modules)
DAQM,S6,Busy,Chapter 2 (EPICS base and modules)
DAQM,S7,Cagateway,Chapter 2 (EPICS base and modules)
DAQM,S8,Calc,Chapter 2 (EPICS base and modules)
DAQM,S9,Caputlog,Chapter 2 (EPICS base and modules)
DAQM,S10,IocStats,Chapter 2 (EPICS base and modules)
DAQM,S11,Modbus,Chapter 2 (EPICS base and modules)
DAQM,S12,P4P,Chapter 2 (EPICS base and modules)
DAQM,S13,PCAS,Chapter 2 (EPICS base and modules)
DAQM,S14,Pvxs,Chapter 2 (EPICS base and modules)
DAQM,S15,RecSync,Chapter 2 (EPICS base and modules)
DAQM,S16,Seq,Chapter 2 (EPICS base and modules)
DAQM,S17,Sscan,Chapter 2 (EPICS base and modules)
DAQM,S18,Stream,Chapter 2 (EPICS base and modules)
DAQM,S19,PSCDRV - Marble Board Data Stream,Chapter 6 (Quartz IOC)
DAQM,S20,FEED - Marble Board Configuration,Chapter 6 (Quartz IOC)
DAQM,S25,Quartz IOC,Chapter 6 (Quartz IOC)
DAQM,S25,Quartz IOC,Chapter 6 (Quartz IOC)
DAQM,S25,Quartz IOC,Chapter 6 (Quartz IOC)
DAQM,S25,Quartz IOC,Chapter 6 (Quartz IOC)
DAQM,S25,Quartz IOC,Chapter 6 (Quartz IOC)
DAQM,S25,Quartz IOC,Chapter 6 (Quartz IOC)
DAQM,S25,Quartz IOC,Chapter 6 (Quartz IOC)
DAQM,S25,Quartz IOC,Chapter 6 (Quartz IOC)
DAQM,S26,System Monitoring IOCs,Chapter 7 (System Monitoring IOCs)
DAQM,S27,Quartz Calibration,Chapter 10 (Quartz Calibration)
DAQM,S21,Acquisition Orchestrator,Chapter 8 (Sequencing Engine)
DAQM,S22,Quartz User Configuration Loader,Chapter 12 (Quartz User Configuration Loader)
DISWS3,S1,Debian 12.5 Operating System,Chapter 1 (OS)
DISWS3,S3,EPICS Base,Chapter 2 (EPICS base and modules)
DISWS3,S4,Autosave,Chapter 2 (EPICS base and modules)
DISWS3,S5,Asyn,Chapter 2 (EPICS base and modules)
DISWS3,S6,Busy,Chapter 2 (EPICS base and modules)
DISWS3,S7,Cagateway,Chapter 2 (EPICS base and modules)
DISWS3,S8,Calc,Chapter 2 (EPICS base and modules)
DISWS3,S9,Caputlog,Chapter 2 (EPICS base and modules)
DISWS3,S10,IocStats,Chapter 2 (EPICS base and modules)
DISWS3,S11,Modbus,Chapter 2 (EPICS base and modules)
DISWS3,S12,P4P,Chapter 2 (EPICS base and modules)
DISWS3,S13,PCAS,Chapter 2 (EPICS base and modules)
DISWS3,S14,Pvxs,Chapter 2 (EPICS base and modules)
DISWS3,S15,RecSync,Chapter 2 (EPICS base and modules)
DISWS3,S16,Seq,Chapter 2 (EPICS base and modules)
DISWS3,S17,Sscan,Chapter 2 (EPICS base and modules)
DISWS3,S18,Stream,Chapter 2 (EPICS base and modules)
DISWS3,S33,Archive Appliance Server,Chapter 3 (EPICS tools and services)
DISWS3,S34,BEAST Alarm Server,Chapter 3 (EPICS tools and services)
DISWS3,S35,Channel FinderServer,Chapter 3 (EPICS tools and services)
DISWS3,S36,Olog,Chapter 3 (EPICS tools and services)
DISWS3,S26,System Monitoring IOCs,Chapter 7 (System Monitoring IOCs)
DISWS3,S37,Elastic Search,Chapter 9 (Elastic Search)
DISWS3,S28,Client_Phoebus,Chapter 4 (Phoebus client and tools)
DISWS3,S29,Client_ArchiveAppliance,Chapter 4 (Phoebus client and tools)
DISWS3,S30,Client_AlarmServer,Chapter 4 (Phoebus client and tools)
DISWS3,S31,Client_ChannelFinder,Chapter 4 (Phoebus client and tools)
DISWS3,S23,DAQ Data Viewer/Exporter,Chapter 11 (DAQ Data Viewer/Exporter)
DISWS3,S41,SEC virtual control panels,Chapter 12 (Virtual Control Panel files)
DAQM1,S24,Quartz application firmware,Chapter 13 (Quartz firmware)
DAQM2,S24,Quartz application firmware,Chapter 13 (Quartz firmware)
DAQM3,S24,Quartz application firmware,Chapter 13 (Quartz firmware)
DAQM4,S24,Quartz application firmware,Chapter 13 (Quartz firmware)
DAQM5,S24,Quartz application firmware,Chapter 13 (Quartz firmware)
DAQM6,S24,Quartz application firmware,Chapter 13 (Quartz firmware)
DAQM7,S24,Quartz application firmware,Chapter 13 (Quartz firmware)
DAQM8,S24,Quartz application firmware,Chapter 13 (Quartz firmware)
DAQM9,S24,Quartz application firmware,Chapter 13 (Quartz firmware)
DAQM1,S38,Quartz bootloader firmware,Chapter 13 (Quartz firmware)
DAQM2,S38,Quartz bootloader firmware,Chapter 13 (Quartz firmware)
DAQM3,S38,Quartz bootloader firmware,Chapter 13 (Quartz firmware)
DAQM4,S38,Quartz bootloader firmware,Chapter 13 (Quartz firmware)
DAQM5,S38,Quartz bootloader firmware,Chapter 13 (Quartz firmware)
DAQM6,S38,Quartz bootloader firmware,Chapter 13 (Quartz firmware)
DAQM7,S38,Quartz bootloader firmware,Chapter 13 (Quartz firmware)
DAQM8,S38,Quartz bootloader firmware,Chapter 13 (Quartz firmware)
DAQM1,S39,Marble MMC firmware,Chapter 13 (Quartz firmware)
DAQM2,S39,Marble MMC firmware,Chapter 13 (Quartz firmware)
DAQM3,S39,Marble MMC firmware,Chapter 13 (Quartz firmware)
DAQM4,S39,Marble MMC firmware,Chapter 13 (Quartz firmware)
DAQM5,S39,Marble MMC firmware,Chapter 13 (Quartz firmware)
DAQM6,S39,Marble MMC firmware,Chapter 13 (Quartz firmware)
DAQM7,S39,Marble MMC firmware,Chapter 13 (Quartz firmware)
DAQM8,S39,Marble MMC firmware,Chapter 13 (Quartz firmware)
DAQM,S40,Marble Flash Programmer,Chapter 13 (Quartz firmware)
