Power Cables,Description,Manufacturer,Part Number,From,To,Cable ID,Notes
Power Cables,From device vendor,,,IR8-PS2,IR8-NTPS,N/A,
Power Cables,,Mean Well USA,GSM60U12-P1J,IR8-PS 1,IR8-DAQ1,N/A,
Power Cables,,Mean Well USA,GSM60U12-P1J,IR8-PS 2,IR8-DAQ2,N/A,
Power Cables,,Mean Well USA,GSM60U12-P1J,IR8-PS 1,IR8-DAQ3,N/A,
Power Cables,,Mean Well USA,GSM60U12-P1J,IR8-PS 2,IR8-DAQ4,N/A,
Power Cables,,Mean Well USA,GSM60U12-P1J,IR8-PS 1,IR8-DAQ5,N/A,
Power Cables,,Mean Well USA,GSM60U12-P1J,IR8-PS 2,IR8-DAQ6,N/A,
Power Cables,,Mean Well USA,GSM60U12-P1J,IR8-PS 2,IR8-DAQ7,N/A,
Power Cables,,Mean Well USA,GSM60U12-P1J,IR8-PS 2,IR8-DAQ8,N/A,
Power Cables,From device vendor,,,IR9-PS 1,IR9-NETSW AC1,N/A,
Power Cables,From device vendor,,,IR9-PS 1,IR9-DAQM,N/A,
Power Cables,From device vendor,,,C1-AC 1,DISWS3,N/A,
Timing Cables,RG58 BNC,,,IR8-IRIG-PPS TTL,IR8-DAQ1-BNC,"IR8-IRIG-PPS TTL
IR8-DAQ1-BNC",Cable ID was generated based on figures referenced in D.3.1 section A2 Timing and A6 Chassis
Timing Cables,OM4 50/125 LC Duplex,FS,OM4LCDX,IR8-DAQ1-EVR,IR8-DAQ2-EVFO2,"IR8-DAQ1-EVR
IR8-DAQ2-EVFO2",Cable ID was generated based on figures referenced in D.3.1 section A2 Timing and A6 Chassis
Timing Cables,OM4 50/125 LC Duplex,FS,OM4LCDX,IR8-DAQ1-EVFO1,IR8-DAQ11-EVFI,"IR8-DAQ1-EVFO1
IR8-DAQ11-EVFI",Cable ID was generated based on figures referenced in D.3.1 section A2 Timing and A6 Chassis
Timing Cables,OM4 50/125 LC Duplex,FS,OM4LCDX,IR8-DAQ1-EVFO2,IR8-DAQ5-EVFI,"IR8-DAQ1-EVFO2
IR8-DAQ5-EVFI",Cable ID was generated based on figures referenced in D.3.1 section A2 Timing and A6 Chassis
Timing Cables,OM4 50/125 LC Duplex,FS,OM4LCDX,IR8-DAQ1-EVFO3,IR9-DAQ27-EVFI,"IR8-DAQ1-EVFO3
IR9-DAQ27-EVFI",Cable ID was generated based on figures referenced in D.3.1 section A2 Timing and A6 Chassis
Timing Cables,OM4 50/125 LC Duplex,FS,OM4LCDX,IR8-DAQ1-EVFO4,IR9-DAQ21-EVFI,"IR8-DAQ1-EVFO4
IR9-DAQ21-EVFI",Cable ID was generated based on figures referenced in D.3.1 section A2 Timing and A6 Chassis
Timing Cables,OM4 50/125 LC Duplex,FS,OM4LCDX,IR8-DAQ1-EVFO5,IR8-DAQ3-EVFI,"IR8-DAQ1-EVFO5
IR8-DAQ3-EVFI",Cable ID was generated based on figures referenced in D.3.1 section A2 Timing and A6 Chassis
Timing Cables,OM4 50/125 LC Duplex,FS,OM4LCDX,IR8-DAQ1-EVFO6,IR8-DAQ2-EVFI,"IR8-DAQ1-EVFO6
IR8-DAQ2-EVFI",Cable ID was generated based on figures referenced in D.3.1 section A2 Timing and A6 Chassis
Timing Cables,OM4 50/125 LC Duplex,FS,OM4LCDX,IR8-DAQ2-EVR,IR8-DAQ2-EVFO1,"IR8-DAQ2-EVR
IR8-DAQ2-EVFO1",Cable ID was generated based on figures referenced in D.3.1 section A2 Timing and A6 Chassis
Timing Cables,OM4 50/125 LC Duplex,FS,OM4LCDX,IR8-DAQ3-EVR,IR8-DAQ3-EVFO1,"IR8-DAQ3-EVR
IR8-DAQ3-EVFO1",Cable ID was generated based on figures referenced in D.3.1 section A2 Timing and A6 Chassis
Timing Cables,OM4 50/125 LC Duplex,FS,OM4LCDX,IR8-DAQ3-EVFO2,IR8-DAQ4-EVR,"IR8-DAQ3-EVFO2
IR8-DAQ4-EVR",Cable ID was generated based on figures referenced in D.3.1 section A2 Timing and A6 Chassis
Timing Cables,OM4 50/125 LC Duplex,FS,OM4LCDX,IR8-DAQ3-EVFO3,IR9-DAQ17-EVR,"IR8-DAQ3-EVFO3
IR9-DAQ17-EVR",Cable ID was generated based on figures referenced in D.3.1 section A2 Timing and A6 Chassis
Timing Cables,OM4 50/125 LC Duplex,FS,OM4LCDX,IR8-DAQ3-EVFO4,IR9-DAQ18-EVR,"IR8-DAQ3-EVFO4
IR9-DAQ18-EVR",Cable ID was generated based on figures referenced in D.3.1 section A2 Timing and A6 Chassis
Timing Cables,OM4 50/125 LC Duplex,FS,OM4LCDX,IR8-DAQ3-EVFO5,IR9-DAQ19-EVR,"IR8-DAQ3-EVFO5
IR9-DAQ19-EVR",Cable ID was generated based on figures referenced in D.3.1 section A2 Timing and A6 Chassis
Timing Cables,OM4 50/125 LC Duplex,FS,OM4LCDX,IR8-DAQ3-EVFO6,IR9-DAQ20-EVR,"IR8-DAQ3-EVFO6
IR9-DAQ20-EVR",Cable ID was generated based on figures referenced in D.3.1 section A2 Timing and A6 Chassis
Timing Cables,OM4 50/125 LC Duplex,FS,OM4LCDX,IR8-DAQ5-EVR,IR8-DAQ5-EVFO1,"IR8-DAQ5-EVR
IR8-DAQ5-EVFO1",Cable ID was generated based on figures referenced in D.3.1 section A2 Timing and A6 Chassis
Timing Cables,OM4 50/125 LC Duplex,FS,OM4LCDX,IR8-DAQ5-EVFO2,IR8-DAQ6-EVR,"IR8-DAQ5-EVFO2
IR8-DAQ6-EVR",Cable ID was generated based on figures referenced in D.3.1 section A2 Timing and A6 Chassis
Timing Cables,OM4 50/125 LC Duplex,FS,OM4LCDX,IR8-DAQ5-EVFO3,IR8-DAQ7-EVR,"IR8-DAQ5-EVFO3
IR8-DAQ7-EVR",Cable ID was generated based on figures referenced in D.3.1 section A2 Timing and A6 Chassis
Timing Cables,OM4 50/125 LC Duplex,FS,OM4LCDX,IR8-DAQ5-EVFO4,IR8-DAQ8-EVR,"IR8-DAQ5-EVFO4
IR8-DAQ8-EVR",Cable ID was generated based on figures referenced in D.3.1 section A2 Timing and A6 Chassis
Timing Cables,OM4 50/125 LC Duplex,FS,OM4LCDX,IR8-DAQ5-EVFO5,IR8-DAQ9-EVR,"IR8-DAQ5-EVFO5
IR8-DAQ9-EVR",Cable ID was generated based on figures referenced in D.3.1 section A2 Timing and A6 Chassis
Timing Cables,OM4 50/125 LC Duplex,FS,OM4LCDX,IR8-DAQ5-EVFO6,IR8-DAQ10-EVR,"IR8-DAQ5-EVFO6
IR8-DAQ10-EVR",Cable ID was generated based on figures referenced in D.3.1 section A2 Timing and A6 Chassis
Timing Cables,OM4 50/125 LC Duplex,FS,OM4LCDX,IR8-DAQ11-EVR,IR8-DAQ11-EVFO1,"IR8-DAQ11-EVR
IR8-DAQ11-EVFO1",Cable ID was generated based on figures referenced in D.3.1 section A2 Timing and A6 Chassis
Timing Cables,OM4 50/125 LC Duplex,FS,OM4LCDX,IR8-DAQ11-EVFO2,IR8-DAQ12-EVR,"IR8-DAQ11-EVFO2
IR8-DAQ12-EVR",Cable ID was generated based on figures referenced in D.3.1 section A2 Timing and A6 Chassis
Timing Cables,OM4 50/125 LC Duplex,FS,OM4LCDX,IR8-DAQ11-EVFO3,IR8-DAQ13-EVR,"IR8-DAQ11-EVFO3
IR8-DAQ13-EVR",Cable ID was generated based on figures referenced in D.3.1 section A2 Timing and A6 Chassis
Timing Cables,OM4 50/125 LC Duplex,FS,OM4LCDX,IR8-DAQ11-EVFO4,IR8-DAQ14-EVR,"IR8-DAQ11-EVFO4
IR8-DAQ14-EVR",Cable ID was generated based on figures referenced in D.3.1 section A2 Timing and A6 Chassis
Timing Cables,OM4 50/125 LC Duplex,FS,OM4LCDX,IR8-DAQ11-EVFO5,IR8-DAQ15-EVR,"IR8-DAQ11-EVFO5
IR8-DAQ15-EVR",Cable ID was generated based on figures referenced in D.3.1 section A2 Timing and A6 Chassis
Timing Cables,OM4 50/125 LC Duplex,FS,OM4LCDX,IR8-DAQ11-EVFO6,IR8-DAQ16-EVR,"IR8-DAQ11-EVFO6
IR8-DAQ16-EVR",Cable ID was generated based on figures referenced in D.3.1 section A2 Timing and A6 Chassis
Timing Cables,OM4 50/125 LC Duplex,FS,OM4LCDX,IR9-DAQ21-EVR,IR9-DAQ21-EVFO1,"IR9-DAQ21-EVR
IR9-DAQ21-EVFO1",Cable ID was generated based on figures referenced in D.3.1 section A2 Timing and A6 Chassis
Timing Cables,OM4 50/125 LC Duplex,FS,OM4LCDX,IR9-DAQ21-EVFO2,IR9-DAQ22-EVR,"IR9-DAQ21-EVFO2
IR9-DAQ22-EVR",Cable ID was generated based on figures referenced in D.3.1 section A2 Timing and A6 Chassis
Timing Cables,OM4 50/125 LC Duplex,FS,OM4LCDX,IR9-DAQ21-EVFO3,IR9-DAQ23-EVR,"IR9-DAQ21-EVFO3
IR9-DAQ23-EVR",Cable ID was generated based on figures referenced in D.3.1 section A2 Timing and A6 Chassis
Timing Cables,OM4 50/125 LC Duplex,FS,OM4LCDX,IR9-DAQ21-EVFO4,IR9-DAQ24-EVR,"IR9-DAQ21-EVFO4
IR9-DAQ24-EVR",Cable ID was generated based on figures referenced in D.3.1 section A2 Timing and A6 Chassis
Timing Cables,OM4 50/125 LC Duplex,FS,OM4LCDX,IR9-DAQ21-EVFO5,IR9-DAQ25-EVR,"IR9-DAQ21-EVFO5
IR9-DAQ25-EVR",Cable ID was generated based on figures referenced in D.3.1 section A2 Timing and A6 Chassis
Timing Cables,OM4 50/125 LC Duplex,FS,OM4LCDX,IR9-DAQ21-EVFO6,IR9-DAQ26-EVR,"IR9-DAQ21-EVFO6
IR9-DAQ26-EVR",Cable ID was generated based on figures referenced in D.3.1 section A2 Timing and A6 Chassis
Timing Cables,OM4 50/125 LC Duplex,FS,OM4LCDX,IR9-DAQ27-EVR,IR9-DAQ27-EVFO1,"IR9-DAQ27-EVR
IR9-DAQ27-EVFO1",Cable ID was generated based on figures referenced in D.3.1 section A2 Timing and A6 Chassis
Timing Cables,OM4 50/125 LC Duplex,FS,OM4LCDX,IR9-DAQ27-EVFO2,IR9-DAQ28-EVR,"IR9-DAQ27-EVFO2
IR9-DAQ28-EVR",Cable ID was generated based on figures referenced in D.3.1 section A2 Timing and A6 Chassis
Timing Cables,OM4 50/125 LC Duplex,FS,OM4LCDX,IR9-DAQ27-EVFO3,IR9-DAQ29-EVR,"IR9-DAQ27-EVFO3
IR9-DAQ29-EVR",Cable ID was generated based on figures referenced in D.3.1 section A2 Timing and A6 Chassis
Timing Cables,OM4 50/125 LC Duplex,FS,OM4LCDX,IR9-DAQ27-EVFO4,IR9-DAQ30-EVR,"IR9-DAQ27-EVFO4
IR9-DAQ30-EVR",Cable ID was generated based on figures referenced in D.3.1 section A2 Timing and A6 Chassis
Timing Cables,OM4 50/125 LC Duplex,FS,OM4LCDX,IR9-DAQ27-EVFO5,IR9-DAQ31-EVR,"IR9-DAQ27-EVFO5
IR9-DAQ31-EVR",Cable ID was generated based on figures referenced in D.3.1 section A2 Timing and A6 Chassis
Timing Cables,OM4 50/125 LC Duplex,FS,OM4LCDX,IR9-DAQ27-EVFO6,IR9-DAQ32-EVR,"IR9-DAQ27-EVFO6
IR9-DAQ32-EVR",Cable ID was generated based on figures referenced in D.3.1 section A2 Timing and A6 Chassis
Network Cables,CAT6,,,IR9-DAQSW-1/1/1,IR8-DAQ1,"IR9-DAQSW-P1
IR8- DAQM1",
Network Cables,CAT6,,,IR9-DAQSW-1/1/2,IR8-DAQ2,"IR9-DAQSW-P2
IR8- DAQM2",
Network Cables,CAT6,,,IR9-DAQSW-1/1/3,IR8-DAQ3,"IR9-DAQSW-P3
IR8- DAQM3",
Network Cables,CAT6,,,IR9-DAQSW-1/1/4,IR8-DAQ4,"IR9-DAQSW-P4
IR8- DAQM4",
Network Cables,CAT6,,,IR9-DAQSW-1/1/5,IR8-DAQ5,"IR9-DAQSW-P5
IR8- DAQM5",
Network Cables,CAT6,,,IR9-DAQSW-1/1/6,IR8-DAQ6,"IR9-DAQSW-P6
IR8- DAQM6",
Network Cables,CAT6,,,IR9-DAQSW-1/1/7,IR8-DAQ7,"IR9-DAQSW-P7
IR8- DAQM7",
Network Cables,CAT6,,,IR9-DAQSW-1/1/8,IR8-DAQ8,"IR9-DAQSW-P8
IR8- DAQM8",
Network Cables,CAT6,,,IR9-DAQSW-1/1/41,IR8-NTPS,"IR9-DAQSW-P41
IR8- NTPS",
Network Cables,CAT6,,,IR9-DAQSW-1/3/1,IR9-DAQM P3/1,"IR9-DAQSW-P3/1
IR9- DAQM",
Network Cables,CAT6,,,C1-CRMSW-1/1/3,C1-DISWS 3,"CRMSW-P3
DISWS3",
